Nama,Unit
Aceton Heviny 35 ml,Pcs
Aceton Heviny 60 ml,Pcs
Ballpoint Milton S-121,Box
Body Lotion Heviny Aloevera 600 ml,Pcs
Body Lotion Heviny Bengkuang 600 ml,Pcs
Body Lotion Heviny Green Tea 600 ml,Pcs
Body Lotion Heviny Rose 600 ml,Pcs
Body Lotion Heviny Yogurt & Goat Milky 600 ml,Pcs
Cottonbuds Cici Bayi,Lusin
Cottonbuds Cici Dewasa 045,Lusin
Creambath Heviny Anti Ketombe 250 gr,Pcs
Creambath Heviny Avocado 250 gram,Pcs
Creambath Heviny Ginseng 250 gram,Pcs
Creambath Heviny Kemiri 250 gr,Pcs
Creambath Heviny Lidah Buaya 250 gr,Pcs
Creambath Heviny Spa Avocado 250 gram,Pcs
Creambath Heviny Spa Coconut 250 gram,Pcs
Creambath Heviny Spa Emulsion Milky 250 gram,Pcs
Creambath Heviny Spa Papaya Jasmine 250 gram,Pcs
Creambath Heviny Strawberry 250 gr,Pcs
Fitting Test Fukuta,Pcs
Fitting Lampu Kamar Heroic HE-4410,Pcs
Fiting Gantung Bulat Superity,Pcs
Fitting Plafon Okka,Pcs
Fitting Kombinasi,Pcs
Gembok FRT 20 mm,Lusin
Gembok FRT 25 mm,Lusin
Gembok FRT 30 mm,Pcs
Gembok Majesty 40 mm,Pcs
Gosok Panci VA 50,Lusin
Gunting Kuku Honaga 611 A,Lusin
Gunting Kuku Honaga 602 B,Lusin
Gunting Kuku Honaga 639 A,Lusin
Gunting Kuku Honaga 323 A,Lusin
Gunting Kuku Honaga 612 A,Lusin
Gunting Kuku Honaga 625 A,Lusin
Gunting Kuku Honaga 692 A,Lusin
Gunting Kuku Honaga 360 A,Lusin
Gunting Kuku 777 Besar,Lusin
Gunting M2000 Besar,Pcs
Gunting M2000 Kecil,Pcs
Gunting M2000 Sedang,Pcs
Hair Mask Green Tea 500 gr,Pcs
Hair Mask Heviny Coconut 500 gr,Pcs
Hair Mask Heviny Coconut 500 gram,Pcs
Hair Mask Heviny Coklat Mint 500 gr,Pcs
Hair Mask Heviny Ginseng 500 gr,Pcs
Hair Mask Heviny Ginseng Milky 500 gr,Pcs
Hair Mask Heviny Green Tea 500 gr,Pcs
Hair Mask Heviny Papaya Jasmine 500 gr,Pcs
Hair Mask Heviny Strawberry 500 gr,Pcs
Hair Mask Heviny Sun Flower Avocado 500 gr,Pcs
Isolasi Bening,Roll
Isolasi Hitam,Roll
Jarum Tangan Voxy,Box
Jarum Pentul,Roll
Jinzu Pepaya Brightening Soap 50 gr,Pcs
"Kabel Listrik NYM 2 x 1,5 50 meter",Roll
Kabel RCA 1 - 2,Pcs
Kabel Listrik MONSTER 2 x 50 meter,Roll
Kabel Listrik XRCOM 2 x 30 meter,Roll
Kabel Listrik Monster 2 x 80 meter,Roll
Kain Pel Sedang Dynamic,Pcs
Kain Pel Besar Dynamic,Pcs
Kalkulator Citizen CT 2000,Pcs
Kalkulator Citizen CT 500,Pcs
Kalkulator Citizen CT 660,Pcs
Kalkulator Citizen CT 712,Pcs
Kalkulator Citizen CT 720,Pcs
Kalkulator Citizen CT 9912,Pcs
Kalkulator Citizen SDC 612C,Pcs
Kalkulator Citizen SDC 868M,Pcs
Kanebo Speed-R,Pcs
Kapur Ajaib Bagus,Box
Keran Air Hendso 1 / 2 Dim,Pcs
Keran Air Hendso 3 / 4 Dim,Pcs
Keran Air Onda 3 / 4 Dim,Pcs
Keran Air Tovo 3 / 4 Dim,Pcs
Kipas Angin Tangan Hello Kitty,Pcs
Lakban Bening Besar,Pcs
Lakban Cokelat Besar,Pcs
Lakban Bening OPP,Pcs
Lakban Cokelat OPP,Pcs
Lakban Hitam OPP,Pcs
Lakban Hitam Besar Tebal,Pcs
Lakban Kain 2 Millenium,Pcs
Lampu Yazuho 2U 15 Watt,Pcs
Lampu Yazuho 2U 18 Watt,Pcs
Lampu Yazuho 2U 20 Watt,Pcs
Lampu LED Emergency Flashycom - 5 Watt,Pcs
Lampu LED Emergency Flashycom - 12 Watt,Pcs
Lampu LED Stark 5 Watt,Pcs
Lampu LED Stark 13 Watt,Pcs
Lampu Pancaran 3U 25 Watt,Pcs
Lampu Pancaran 3U 30 Watt,Pcs
Lampu Pancaran 3U 35 Watt,Pcs
Lampu Pancaran Spiral 25 Watt,Pcs
Lampu Pancaran Spiral 30 Watt,Pcs
Lampu Pancaran Spiral 35 Watt,Pcs
Lampu Zentama Spiral 25 Watt,Pcs
Lampu Zentama Spiral 30 Watt,Pcs
Lampu Zentama Spiral 35 Watt,Pcs
Lampu INS Ekonomis 2U 5 Watt,Pcs
Lampu INS Ekonomis 2U 7 Watt,Pcs
Lampu Maxxis Spiral 25 Watt,Pcs
Lampu Maxxis Spiral 35 Watt,Pcs
Lem Castol Sedang,Box
Lem Castol Mini,Box
Lem G,Pcs
Lulur Heviny Brightening 250 gr,Pcs
Lulur Heviny Coffe 250 gr,Pcs
Lulur Heviny Green Tea 250 gr,Pcs
Lulur Heviny Madu Susu 250 gr,Pcs
Lulur Heviny Mutiara 250 gr,Pcs
Lulur Heviny Strawberry 250 gr,Pcs
Paku Tindis,Box
Peniti Swan,Box
Pinset Motif,Lusin
Pinset Polos Silver,Lusin
Pinset Polos Stainless,Lusin
Pinset Polos Mas,Lusin
Pinset Jerawat Kislene Jarum,Lusin
Pinset Jerawat Kislene Bulat,Lusin
Pisau Cutter Besar,Lusin
Pisau Cutter Kecil,Lusin
Raket Nyamuk Sentosa,Pcs
Raket Nyamuk Sivicom,Pcs
Sapu Panjang Warna Dynamic ,Pcs
Sapu Panjang Warna Hitam - Dynamic,Pcs
Sapu Panjang Motif - Dynamic,Pcs
Sapu Panjang Karet - Dynamic,Pcs
Senter Push On FL1004,Pcs
Shower Cup Jun Da - Putih,Lusin
Shower Cup Motif - Animal,Pcs
Sikat Gigi Premier Action,Lusin
Sikat Gigi Premier Basic Medium,Lusin
Sikat Gigi Premier Basic Soft,Lusin
Sikat Gigi Premier Bobo Classic,Lusin
Sikat Gigi Premier Bobo Junior,Lusin
Sikat Gigi Premier Bobo Travel,Lusin
Sikat Gigi Premier Classic Medium,Lusin
Sikat Gigi Premier Classic Soft,Lusin
Sikat Gigi Premier Comfort Medium,Lusin
Sikat Gigi Premier Comfort Soft,Lusin
Sikat Gigi Premier Deluxe,Lusin
Sikat Gigi Premier Superior,Lusin
Sikat Gigi Premier Travel Pack,Lusin
Sikat Gigi Premier Twin Plus,Lusin
Sikat Pakaian Kayu,Lusin
Sikat Pakaian Plastik,Lusin
Sikat Sepatu Kayu,Lusin
Silet Goal,Lusin
Sisir Kutu Motif - Cokelat,Lusin
Sisir Gagang Motif,Lusin
Sisir Gagang Polos,Lusin
Sisir Sasak 7413,Lusin
Sisir Rata 7414,Lusin
Sisir Rata Warna,Pcs
Sisir Saku 2005,Lusin
Sisir Saku 2006,Lusin
Sisir Saku Loreng,Lusin
Sisir Segiempat Loreng,Lusin
Sisir Semir Hitam ,Lusin
Spon Cuci Piring Segi,Lusin
Spon Cuci Piring Warna,Pcs
Spon Bedak Bulat,Lusin
Spon Bedak Segi,Lusin
Stop Kontak 981 - Kayu,Pcs
Stop Kontak 982 - Kayu,Pcs
Stop Kontak 984 - Kayu,Pcs
Stop Kontak 991 - Kayu,Pcs
Stop Kontak 801 - Tembok,Pcs
Stop Kontak 802 - Tembok,Pcs
Stop Kontak 804 - Tembok,Pcs
Stop Kontak 891 - Tembok,Pcs
Steker Over Yaichi,Pcs
Steker Gepeng TRIS,Pcs
Steker Bulat,Pcs
Sumbu Kompor Besar,Roll
Sumbu Kompor Kecil,Roll
Terminal Polos Sunfree 3 Lubang 3 meter,Pcs
Terminal Polos Sunfree 4 Lubang 3 meter,Pcs
Terminal Polos Sunfree 5 lubang 3 meter,Pcs
Terminal Polos Sunfree 3 Lubang 5 meter,Pcs
Terminal Polos Sunfree 4 Lubang 5 meter,Pcs
Terminal Polos Sunfree 5 Lubang 5 meter,Pcs
Terminal Polos 3 Lubang Tanpa Kabel,Pcs
Terminal Polos 4 Lubang Tanpa Kabel,Pcs
Terminal Polos 5 Lubang Tanpa Kabel,Pcs
Terminal Tanpa Kabel TRM 3 Lubang + Switch,Pcs
Terminal Warna Multicord 3 Lubang 3 meter,Pcs
Terminal Warna Multicord 4 Lubang 3 meter,Pcs
Terminal Warna Multicord 5 lubang 3 meter,Pcs
"Terminal Warna 3 Lubang 1,5 Meter",Pcs
"Terminal Warna 4 Lubang 1,5 Meter",Pcs
"Terminal Warna 5 Lubang 1,5 Meter",Pcs
"Terminal Warna 6 Lubang 1,5 Meter",Pcs
Terminal Warna 3 Lubang 5 Meter,Pcs
Terminal Warna 4 Lubang 5 Meter,Pcs
Terminal Warna 5 Lubang 5 Meter,Pcs
Terminal Warna 3 Lubang Tanpa Kabel,Pcs
Terminal Warna 4 Lubang Tanpa Kabel,Pcs
Terminal Warna 5 Lubang Tanpa Kabel,Pcs
Terminal Warna 6 Lubang Tanpa Kabel,Pcs
Thai Pepaya Lightening Soap 50 gr,Pcs
